name,type,prefix,price,product,sizeImpression,sku,compositeItem,parentSku,weight,width,variant1Type,variant1Values,variant2Type,variant2Values,alias,amazon.DesCourtes,amazon.title,amazon.Title_FR,aspect,category,CompositeItem,densite,dimentions,dossier,ERPCategory,genre,height,label,length,picture_1,picture_2,picture_3,picture_4,picture_5,picture_6,picture_7,
HousseCoussin,alias,,,alias,4843x4843,,,,,,,,,,,,,,1,,,300,,/HousseCoussin,,,,,,,,,,,,,
L_133,alias,,,alias,4500x4500,,,,,,,,,,,,,,1.33,,,300,,/L_133,,,,,,,,,,,,,
L_140,alias,,,alias,4500x4500,,,,,,,,,,,,,,1.406,,,300,,L_140,,,,,,,,,,,,,
L_150,alias,,,alias,4500x4500,,,,,,,,,,,,,,1.5,,,300,,/L_150,,,,,,,,,,,,,
mugMetal,alias,,,alias,2484x2484,,,,,,,,,,,,,,3.14,,,300,,/mugMetal,,,,,,,,,,,,,
mugsCeramique,alias,,,alias,2598x2598,,,,,,,,,,,,,,2.44,,,300,,/mugsCeramique,,,,,,,,,,,,,
P_133,alias,,,alias,4500x4500,,,,,,,,,,,,,,0.751,,,300,,/P_133,,,,,,,,,,,,,
P_140,alias,,,alias,4500x4500,,,,,,,,,,,,,,0.711,,,300,,/P_140,,,,,,,,,,,,,
P_150,alias,,,alias,4500x4500,,,,,,,,,,,,,,0.666,,,300,,/P_150,,,,,,,,,,,,,
poster,alias,,,alias,4500,,,,,,,,,,,,,,NaN,,,300,,/poster,,,,,,,,,,,,,
tapisDeSouris,alias,,,alias,2835x2835,,,,,,,,,,,,,,1.182,,,300,,/tapisDeSouris,,,,,,,,,,,,,
TDS_GrandFormat,alias,,,alias,4606x2717,,,,,,,,,,,,,,1.7,,,300,,/TDS_GrandFormat,,,,,,,,,,,,,
tote,alias,,,alias,4500x4500,,,,,,,,,,,,,,0.878,,,300,,/tote,,,,,,,,,,,,,
tshirt,alias,,,,,,,,,,,,,,,,,,0.711,,,300,,/tshirt,,,,,,,,,,,,,
mugceramique11oz,simple,MUG,12.9,simple,,COR_{prefix}_{skuLabel},MugCeramique,,,,,,,,mugsCeramique,,Mug céramique {AmazonTitleFr},,,accessories,MugCeramique,,,/mugsCeramique,,unisex,,,,https://storage.googleapis.com/mockup_public_col/{dossier}/fab1_mgc-blanc_{skuLabel}.png,,,,,,,
tshirtHommeColRond,parent,Tsh,22.9,parent,,COR_{prefix}_{skuLabel}_{color}_{taille},TsHommeBioColRond{color}_{taille},COR_Tsh_{Label},120,,color,"white,blue,black,grey,red,pink",taille,"S,M,L,XL",tshirt,,Tshirt Homme col rond {AmazonTitleFr},,,adult,,,,/tshirt,,male,,,,https://storage.googleapis.com/mockup_public_col/{dossier}/fab1_ht-{color_FR}_{skuLabel}.jpg,,,,,,,
BoiteBois,parent,Wb,12.9,parent,,COR_{prefix}_{skuLabel}_{taille},boite-bois-{taille},COR_Wb_{Label},,11,taille,"S,L",,,HousseCoussin,,Boite en Bois Coffret – {AmazonTitleFr} - Petit ou Grand Format,,,accessories,,,,/woodenBox,,unisex,11,,3.5,https://storage.googleapis.com/mockup_public_col/{dossier}/fu_3_wb_{skuLabel}.jpg,https://storage.googleapis.com/mockup_public_col/{dossier}/fu_2_wb_{skuLabel}.jpg,https://storage.googleapis.com/mockup_public_col/{dossier}/fu_1_wb_{skuLabel}.jpg,https://storage.googleapis.com/mockup_public_col/{dossier}/fu_4_wb_{skuLabel}.jpg,https://storage.googleapis.com/mockup_public_col/{dossier}/fu_5_wb_{skuLabel}.jpg,https://storage.googleapis.com/mockup_public_col/{dossier}/fu_6_wb_{skuLabel}.jpg,https://storage.googleapis.com/mockup_public_col/{dossier}/wb-info.png,
TapisdeSourisClassique,parent,TDS,9.9,parent,,COR_{prefix}_{skuLabel}_{color},TapisDeSourisRectangle,COR_TDS_{Label},120,20,color,"white,blue,black,grey,red,pink",,,tapisDeSouris,,Tapis de Souris – {AmazonTitleFr} – (Dimensions 24 x 20 cm),,,accessories,,,,/tapisDeSouris,,unisex,0.5,,24,https://storage.googleapis.com/mockup_public_col/{dossier}/fab_1_td-{color_FR}_{skuLabel}.jpg,https://storage.googleapis.com/mockup_public_col/{dossier}/fab_2_td-{color_FR}_{skuLabel}.jpg,https://storage.googleapis.com/mockup_public_col/{dossier}/fab_3_td-{color_FR}_{skuLabel}.jpg,https://storage.googleapis.com/mockup_public_col/{dossier}/fab_4_td-{color_FR}_{skuLabel}.jpg,,,,
Thermos,parent,Ther,25.9,parent,,COR_{prefix}_{skuLabel},thermos-350ml,COR_Ther_{Label},300,7,,,,,,,Thermos en Inox avec Tasse Intégrée – {AmazonTitleFr} - Bouteille Isotherme,,,accessories,,,,/thermos,,unisex,20.5,,7,https://storage.googleapis.com/mockup_public_col/{dossier}/fab_1_gi_{skuLabel}.jpg,https://storage.googleapis.com/mockup_public_col/{dossier}/fab_2_gi_{skuLabel}.jpg,https://storage.googleapis.com/mockup_public_col/{dossier}/fab_3_gi_{skuLabel}.jpg,https://storage.googleapis.com/mockup_public_col/{dossier}/gourde-info.png,,,,
ToteBag,parent,Tot,14.9,parent,,COR_{prefix}_{skuLabel}_{color},tote-bag-{color},COR_Tot_{Label},120,1,color,"blanc,bleu,turq,noir,rouge,orange",,,tote,,Tote Bag Sac Shopping en Toile – {AmazonTitleFr},,,accessories,,,,/tote,,unisex,42,,38,https://storage.googleapis.com/mockup_public_col/{dossier}/fab_2_tb_{color_FR}_{skuLabel}.jpg,https://storage.googleapis.com/mockup_public_col/{dossier}/fab_1_tb_{color_FR}_{skuLabel}.jpg,https://storage.googleapis.com/mockup_public_col/{dossier}/fab_3_tb_{color_FR}_{skuLabel}.jpg,https://storage.googleapis.com/mockup_public_col/{dossier}/fab_4_tb_{color_FR}_{skuLabel}.jpg,https://storage.googleapis.com/mockup_public_col/{dossier}/tb-info.png,,,
tshirtFemmeColRond,parent,tsf,20.9,parent,,COR_{prefix}_{skuLabel}_{color}_{taille},TshirtFemmeColRond_{color}_{taille},COR_tsf_{Label},150,,color,"white,blue,black,grey,red,pink",taille,"XS,S,M,L,XL",tshirt,,T-shirt Femme Col Rond {AmazonTitleFr},,,adult,,,,/tshirt,,female,,,,https://storage.googleapis.com/mockup_public_col/{dossier}/fab_1_tsf-{color_FR}_{skuLabel}.jpg,https://storage.googleapis.com/mockup_public_col/{dossier}/fab_2_tsf-{color_FR}_{skuLabel}.jpg,,,,,,
LunchBox,parent,Lbx,16.9,parent,,COR_{prefix}_{skuLabel},Boite-lunch-bambou,COR_Lbx_{Label},150,11.2,color,"white,blue,black,grey,red,pink",,,,,Lunch Box - Boite à Repas avec couverts {AmazonTitleFr} - 700 ml,,,accessories,,,,/lunchBox,,unisex,7,,16.5,https://storage.googleapis.com/mockup_public_col/{dossier}/fab_5_lb-{color_FR}_{skuLabel}.jpg,https://storage.googleapis.com/mockup_public_col/{dossier}/fab_2_lb-{color_FR}_{skuLabel}.jpg,https://storage.googleapis.com/mockup_public_col/{dossier}/fab_1_lb-{color_FR}_{skuLabel}.jpg,https://storage.googleapis.com/mockup_public_col/{dossier}/fab_3_lb-{color_FR}_{skuLabel}.jpg,https://storage.googleapis.com/mockup_public_col/{dossier}/fab_4_lb-{color_FR}_{skuLabel}.jpg,https://storage.googleapis.com/mockup_public_col/{dossier}/fab_6_lb-{color_FR}_{skuLabel}.jpg,https://storage.googleapis.com/mockup_public_col/{dossier}/fab_7_lb-{color_FR}_{skuLabel}.jpg,
BouteilleInox,parent,Btx500,19.9,parent,,COR_{prefix}_{skuLabel},bouteille-inox-500-blanc,COR_Btx500_{Label},325,8,,,,,,,Bouteille Inox Gourde Thermo Isotherme – {AmazonTitleFr} - 500ml,,,accessories,,,,/gourde_inox,,unisex,24,,8,https://storage.googleapis.com/mockup_public_col/{dossier}/fab_2_th_{skuLabel}.jpg,https://storage.googleapis.com/mockup_public_col/{dossier}/fab_1_th_{skuLabel}.jpg,https://storage.googleapis.com/mockup_public_col/{dossier}/fab_3_th_{skuLabel}.jpg,https://storage.googleapis.com/mockup_public_col/{dossier}/fab_4_th_{skuLabel}.jpg,https://storage.googleapis.com/mockup_public_col/{dossier}/fab_5_th_{skuLabel}.jpg,https://storage.googleapis.com/mockup_public_col/{dossier}/thermos-info.png,,
CarreauxCéramique,parent,CRT,3.9,parent,,COR_{prefix}_{skuLabel}_{taille}_{quantite},Carreau-ceramique-{taille},COR_CRT_{Label},,4.5,taille,"5,10,15,20",quantite,"x1,x4,x9",HousseCoussin,,Carreaux Ceramique Décoratif – {AmazonTitleFr},,,accessories,,,,/ceramicTiles,,unisex,0.5,,4.5,https://storage.googleapis.com/mockup_public_col/{dossier}/fu_1_ct_{skuLabel}.jpg,https://storage.googleapis.com/mockup_public_col/{dossier}/fu_2_ct_{skuLabel}.jpg,https://storage.googleapis.com/mockup_public_col/{dossier}/fu_3_ct_{skuLabel}.jpg,https://storage.googleapis.com/mockup_public_col/{dossier}/fu_4_ct_{skuLabel}.jpg,,,,
SousVerre,parent,Svl,2,parent,,COR_{prefix}_{skuLabel},sous-verre-{material},COR_Svl_{Label},,9.5,material,"liege,decapsuleur,ceramique,lin,boismdf,ceramiquerond,liegerond",quantite,"x1,x6",HousseCoussin,,Sous Verre en liège – {AmazonTitleFr},,,accessories,,,,/sousVerre,,unisex,0.5,,9.5,https://storage.googleapis.com/mockup_public_col/{dossier}/fu_1_cc_{skuLabel}.jpg,https://storage.googleapis.com/mockup_public_col/{dossier}/fu_2_cc_{skuLabel}.jpg,https://storage.googleapis.com/mockup_public_col/{dossier}/fu_3_cc_{skuLabel}.jpg,https://storage.googleapis.com/mockup_public_col/{dossier}/fu_4_cc_{skuLabel}.jpg,,,,
CoussinDeChaise,parent,Ccc,14.9,parent,,COR_{prefix}_{skuLabel}_{color},coussin-chaise-{type},COR_Ccc_{Label},150,40,color,"white,blue,black,grey,red,pink",type,"carre,rond",HousseCoussin,,Coussin de Chaise {AmazonTitleFr} - 40 cm - Galette de Chaise,,,accessories,,,,/coussin_chaise,,unisex,1.5,,40,https://storage.googleapis.com/mockup_public_col/{dossier}/fab_1_cr-{color_FR}_{skuLabel}.jpg,https://storage.googleapis.com/mockup_public_col/{dossier}/fab_2_cr-{color_FR}_{skuLabel}.jpg,https://storage.googleapis.com/mockup_public_col/{dossier}/fab_3_cr-{color_FR}_{skuLabel}.jpg,https://storage.googleapis.com/mockup_public_col/{dossier}/cush-info.png,,,,
HorlogeVerre,parent,Hor,27.9,parent,,COR_{prefix}_{skuLabel}_{color},horloge-verre,COR_Hor_{Label},300,20,color,"white,blue,black,grey,red,pink",,,HousseCoussin,,Horloge Murale en Verre – {AmazonTitleFr} - Diamètre 20 cm,,,accessories,,,,/clock,,unisex,4,,20,https://storage.googleapis.com/mockup_public_col/{dossier}/fab_1_cl-{color_FR}_{skuLabel}.jpg,https://storage.googleapis.com/mockup_public_col/{dossier}/fab_2_cl-{color_FR}_{skuLabel}.jpg,https://storage.googleapis.com/mockup_public_col/{dossier}/fab_3_cl-{color_FR}_{skuLabel}.jpg,https://storage.googleapis.com/mockup_public_col/{dossier}/clock-info.png,,,,
HousseCoussinSimili-cuir,parent,HCui40,10.9,parent,,COR_{prefix}_{skuLabel}_{color},housse-coussin-cuir-40-{color},COR_HCui40_{Label},150,40,color,"white,grey,camel,pink",,,HousseCoussin,,Housse de Coussin Similicuir {AmazonTitleFr} - 40 x 40 cm Toucher Cuir,,,accessories,,,,/pillowLeather,,unisex,1.5,,40,https://storage.googleapis.com/mockup_public_col/{dossier}/fab_1_pif_{color_FR}_{skuLabel}.jpg,https://storage.googleapis.com/mockup_public_col/{dossier}/fab_2_pif_{color_FR}_{skuLabel}.jpg,https://storage.googleapis.com/mockup_public_col/{dossier}/fab_3_pif_{color_FR}_{skuLabel}.jpg,https://storage.googleapis.com/mockup_public_col/{dossier}/fab_4_pif_{color_FR}_{skuLabel}.jpg,https://storage.googleapis.com/mockup_public_col/{dossier}/fab_5_pif_{color_FR}_{skuLabel}.jpg,https://storage.googleapis.com/mockup_public_col/{dossier}/pillowfaux-info.png,,
HousseCoussinLin,parent,HCL40,12.9,parent,,COR_{prefix}_{skuLabel},housse-coussin-lin-40,COR_HCL40_{Label},150,40,,,,,HousseCoussin,,Housse de Coussin en Lin – {AmazonTitleFr} - 40 x 40 cm,,,accessories,,,,/pillowLin,,unisex,1,,40,https://storage.googleapis.com/mockup_public_col/{dossier}/fab_1_pil_{skuLabel}.jpg,https://storage.googleapis.com/mockup_public_col/{dossier}/fab_2_pil_{skuLabel}.jpg,https://storage.googleapis.com/mockup_public_col/{dossier}/fab_3_pil_{skuLabel}.jpg,https://storage.googleapis.com/mockup_public_col/{dossier}/pillowlin-info.png,,,,
HousseCoussinPeluche,parent,HPlu40,12.9,parent,,COR_{prefix}_{skuLabel}_{color},housse-coussin-peluche-40-{color},COR_HPlu40_{Label},85,40,color,"blue,pink,red,lime",,,HousseCoussin,,Housse de Coussin en Peluche {AmazonTitleFr} - 40 x 40 cm Toucher Peluche,,,accessories,,,,/pillow_color,,unisex,1.5,,40,https://storage.googleapis.com/mockup_public_col/{dossier}/fab_1_pic_{color_FR}_{skuLabel}.jpg,https://storage.googleapis.com/mockup_public_col/{dossier}/fab_2_pic_{color_FR}_{skuLabel}.jpg,https://storage.googleapis.com/mockup_public_col/{dossier}/fab_3_pic_{color_FR}_{skuLabel}.jpg,https://storage.googleapis.com/mockup_public_col/{dossier}/fab_4_pic_{color_FR}_{skuLabel}.jpg,https://storage.googleapis.com/mockup_public_col/{dossier}/fab_5_pic_{color_FR}_{skuLabel}.jpg,https://storage.googleapis.com/mockup_public_col/{dossier}/pillowcolor-info.png,,
HousseCoussinVelours,parent,HVel40,14.9,parent,,COR_{prefix}_{skuLabel}_{color},housse-coussin-velours-40,COR_HVel40_{Label},85,40,color,"white,blue,black,grey,red,pink",,,HousseCoussin,,Housse de Coussin en Velours {AmazonTitleFr} - 40 x 40 cm Toucher Velours,,,accessories,,,,/pillow_velour,,unisex,1.5,,40,https://storage.googleapis.com/mockup_public_col/{dossier}/fab_1_pilv-{color_FR}_{skuLabel}.jpg,https://storage.googleapis.com/mockup_public_col/{dossier}/fab_2_pilv-{color_FR}_{skuLabel}.jpg,https://storage.googleapis.com/mockup_public_col/{dossier}/fab_3_pilv-{color_FR}_{skuLabel}.jpg,https://storage.googleapis.com/mockup_public_col/{dossier}/fab_4_pilv-{color_FR}_{skuLabel}.jpg,https://storage.googleapis.com/mockup_public_col/{dossier}/pillowvelour-info.png,,,
Maniques,parent,Ph,19.9,parent,,COR_{prefix}_{skuLabel}_{color},manique-17x17,COR_Ph_{Label},50,17,color,"white,blue,black,grey,red,pink",,,HousseCoussin,,Manique de cuisine – {AmazonTitleFr} - 17 x 17 cm,,,accessories,,,,/potHolder,,unisex,1,,17,https://storage.googleapis.com/mockup_public_col/{dossier}/fab_1_ph-{color_FR}_{skuLabel}.jpg,https://storage.googleapis.com/mockup_public_col/{dossier}/fab_2_ph-{color_FR}_{skuLabel}.jpg,https://storage.googleapis.com/mockup_public_col/{dossier}/fab_3_ph-{color_FR}_{skuLabel}.jpg,https://storage.googleapis.com/mockup_public_col/{dossier}/potholder-info.png,,,,
BoiteMétal,parent,Mbx,18.9,parent,,COR_{prefix}_{skuLabel}_{color},boite-sucre-metal,COR_Mbx_{Label},150,11,color,"white,blue,black,grey,red,pink",,,,,"Boite en Métal {AmazonTitleFr} - 11 x 18,5 x 5,5 cm - Boite de rangement, clé, outils, boite à Lunch, Sucre, Biscuit",,,accessories,,,,/metal_box,,unisex,5.5,,18.2,https://storage.googleapis.com/mockup_public_col/{dossier}/fab_4_mb-{color_FR}_{skuLabel}.jpg,https://storage.googleapis.com/mockup_public_col/{dossier}/fab_3_mb-{color_FR}_{skuLabel}.jpg,https://storage.googleapis.com/mockup_public_col/{dossier}/fab_1_mb-{color_FR}_{skuLabel}.jpg,https://storage.googleapis.com/mockup_public_col/{dossier}/fab_2_mb-{color_FR}_{skuLabel}.jpg,https://storage.googleapis.com/mockup_public_col/{dossier}/fab_5_mb-{color_FR}_{skuLabel}.jpg,https://storage.googleapis.com/mockup_public_col/{dossier}/metalbox-info.png,,
MiroirPocheMétal,parent,Mim,12.9,parent,,COR_{prefix}_{skuLabel}_{color},Miroir-poche-metal-argent,COR_Mim_{Label},80,7,color,"white,blue,black,grey,red,pink",,,HousseCoussin,,Miroir de Poche en  - {AmazonTitleFr} - (Diamètre 70 mm),,,accessories,,,,/miroir,,unisex,,,7,https://storage.googleapis.com/mockup_public_col/{dossier}/fab_1_pm-{color_FR}_{skuLabel}.jpg,https://storage.googleapis.com/mockup_public_col/{dossier}/fab_2_pm-{color_FR}_{skuLabel}.jpg,https://storage.googleapis.com/mockup_public_col/{dossier}/fab_3_pm-{color_FR}_{skuLabel}.jpg,https://storage.googleapis.com/mockup_public_col/{dossier}/pm-blanc.png,,,,
MugCéramiqueAnseCouleur,parent,Mcc,12.9,parent,,COR_{prefix}_{skuLabel}_{color},Mug-Ceramique-Couleur-{color},COR_Mcc_{Label},360,8.1,color,"blue,red,orange,yellow,green,pink",,,mugsCeramique,,Mug de Couleur Qualité Premium  - {AmazonTitleFr} - Tasse avec anse et intérieur de couleur,,,accessories,,,,/mugCouleur,,unisex,9.6,,8.1,https://storage.googleapis.com/mockup_public_col/{dossier}/fab_1_mg-{color_FR}_{skuLabel}.jpg,https://storage.googleapis.com/mockup_public_col/{dossier}/fab_2_mg-{color_FR}_{skuLabel}.jpg,https://storage.googleapis.com/mockup_public_col/{dossier}/fab_3_mg-{color_FR}_{skuLabel}.jpg,https://storage.googleapis.com/mockup_public_col/{dossier}/fab_4_mg-{color_FR}_{skuLabel}.jpg,https://storage.googleapis.com/mockup_public_col/{dossier}/fab_5_mg-{color_FR}_{skuLabel}.jpg,,,
Mug Céramique,parent,Mug,11.9,parent,,COR_{prefix}_{skuLabel},MugCeramique,COR_Mug_{Label},360,8.1,,,,,mugsCeramique,,Mug céramique {AmazonTitleFr},,,accessories,,,,,,unisex,9.6,,8.1,,,,,,,,
MugDoré,parent,Mgd,15.9,parent,,COR_{prefix}_{skuLabel},mug-chrome-dore,COR_Mgd_{Label},400,8.2,,,,,mugsCeramique,,Mug Doré en Céramique Chromé – {AmazonTitleFr} - 325 ml,,,accessories,,,,/mugChrome,,unisex,9.5,,8.2,https://storage.googleapis.com/mockup_public_col/{dossier}/fab_1_mc_{skuLabel}.jpg,https://storage.googleapis.com/mockup_public_col/{dossier}/fab_2_mc_{skuLabel}.jpg,https://storage.googleapis.com/mockup_public_col/{dossier}/fab_3_mc_{skuLabel}.jpg,https://storage.googleapis.com/mockup_public_col/{dossier}/fab_4_mc_{skuLabel}.jpg,https://storage.googleapis.com/mockup_public_col/{dossier}/fab_5_mc_{skuLabel}.jpg,https://storage.googleapis.com/mockup_public_col/{dossier}/fab_6_mc_{skuLabel}.jpg,https://storage.googleapis.com/mockup_public_col/{dossier}/mchrome-info.png,
MugIsothermosPaille,parent,Mgt,29.9,parent,,COR_{prefix}_{skuLabel},mug-thermos-500ml,COR_Mgt_{Label},232,8.5,,,,,mugsCeramique,,Mug Isotherme en Inox avec Couvercle et Paille – {AmazonTitleFr} - 500 ml - Tasse Thermo,,,accessories,,,,/mug_straw,,unisex,14.2,,8.5,https://storage.googleapis.com/mockup_public_col/{dossier}/fab_1_mt_{skuLabel}.jpg,https://storage.googleapis.com/mockup_public_col/{dossier}/fab_2_mt_{skuLabel}.jpg,https://storage.googleapis.com/mockup_public_col/{dossier}/fab_3_mt_{skuLabel}.jpg,https://storage.googleapis.com/mockup_public_col/{dossier}/mtasse-info.png,,,,
Mug Magique,parent,Mgm,20.9,parent,,COR_{prefix}_{skuLabel},mug-magique-ceramique,COR_Mgm_{Label},400,8.2,,,,,mugsCeramique,,Mug Thermo-réactif Tasse Magique – {AmazonTitleFr} - 325 ml,,,accessories,,,,/mugMagic,,unisex,9.5,,8.2,https://storage.googleapis.com/mockup_public_col/{dossier}/fab_1_mm_{skuLabel}.jpg,https://storage.googleapis.com/mockup_public_col/{dossier}/fab_1_mms_{skuLabel}.jpg,https://storage.googleapis.com/mockup_public_col/{dossier}/fab_4_mm_{skuLabel}.jpg,https://storage.googleapis.com/mockup_public_col/{dossier}/fab_2_mm_{skuLabel}.jpg,https://storage.googleapis.com/mockup_public_col/{dossier}/fab_3_mm_{skuLabel}.jpg,https://storage.googleapis.com/mockup_public_col/{dossier}/fab_2_mms_{skuLabel}.jpg,https://storage.googleapis.com/mockup_public_col/{dossier}/fab_3_mms_{skuLabel}.jpg,https://storage.googleapis.com/mockup_public_col/{dossier}/mmagic-info.png
MugVerrecoloré,parent,Mtr,13.9,parent,,COR_{prefix}_{skuLabel}_{color},Mug-Verre-{color},COR_Mtr_{Label},300,8,color,"blue,red,violet,yellow",,,mugsCeramique,,Mug en Verre  - {AmazonTitleFr},,,accessories,,,,/mugTransparent,,unisex,9,,8,https://storage.googleapis.com/mockup_public_col/{dossier}/fab_2_mtr-{color_FR}_{skuLabel}.jpg,https://storage.googleapis.com/mockup_public_col/{dossier}/fab_1_mtr-{color_FR}_{skuLabel}.jpg,https://storage.googleapis.com/mockup_public_col/{dossier}/fab_3_mtr-{color_FR}_{skuLabel}.jpg,https://storage.googleapis.com/mockup_public_col/{dossier}/fab_4_mtr-{color_FR}_{skuLabel}.jpg,https://storage.googleapis.com/mockup_public_col/{dossier}/fab_5_mtr-{color_FR}_{skuLabel}.jpg,https://storage.googleapis.com/mockup_public_col/{dossier}/fab_6_mtr-{color_FR}_{skuLabel}.jpg,,
SetdeTableCaouctouch,parent,Srub,9.90,parent,,COR_{prefix}_{skuLabel}_{color}_{quantite},Set-table-dessous-caoutchouc,COR_Srub_{Label},150,39.5,color,"white,blue,black,grey,red,pink",quantite,"x1,x4",,,"Set de Table Dessous en Caoutchouc  - {AmazonTitleFr} - Grand Format 39,5 x 28,5 cm",,,accessories,,,,/placemats_rubber,,unisex,3,,28.5,https://storage.googleapis.com/mockup_public_col/{dossier}/fab_1_pr-{color_FR}_{skuLabel}.jpg,https://storage.googleapis.com/mockup_public_col/{dossier}/fab_2_pr-{color_FR}_{skuLabel}.jpg,https://storage.googleapis.com/mockup_public_col/{dossier}/fab_3_pr-{color_FR}_{skuLabel}.jpg,https://storage.googleapis.com/mockup_public_col/{dossier}/fab_4_pr-{color_FR}_{skuLabel}.jpg,https://storage.googleapis.com/mockup_public_col/{dossier}/plrub-info.png,,,
SetdeTableLin,parent,Stlin,9.90,parent,,COR_{prefix}_{skuLabel}_{quantite},Set-table-dessous-lin,COR_Stlin_{Label},100,40,quantite,"1,4",,,,,"Set de Table en Lin – {AmazonTitleFr} - Grand Format 40 x 28,5 cm",,,accessories,,,,/placemats_lin,,unisex,1,,28.5,https://storage.googleapis.com/mockup_public_col/{dossier}/fab_1_plin_{skuLabel}.jpg,https://storage.googleapis.com/mockup_public_col/{dossier}/fab_2_plin_{skuLabel}.jpg,https://storage.googleapis.com/mockup_public_col/{dossier}/fab_3_plin_{skuLabel}.jpg,https://storage.googleapis.com/mockup_public_col/{dossier}/fab_4_plin_{skuLabel}.jpg,https://storage.googleapis.com/mockup_public_col/{dossier}/plin-info.png,https://storage.googleapis.com/mockup_public_col/{dossier}/fab_5_plin_{skuLabel}.jpg,,
PochetteLin,parent,PocLin,8.39,parent,,COR_{prefix}_{skuLabel}_{taille},pochette-lin-{taille},COR_PocLin_{Label},100,10,taille,"S,L",,,,,Pochette en Lin – {AmazonTitleFr} - Trousse maquillage en Toile aspect Lin - Trousse de toilette - Porte Monnaie,,,accessories,,,,/pochette,,unisex,3,,15,https://storage.googleapis.com/mockup_public_col/{dossier}/fab_2_pob_{skuLabel}.jpg,https://storage.googleapis.com/mockup_public_col/{dossier}/fab_1_pob_{skuLabel}.jpg,https://storage.googleapis.com/mockup_public_col/{dossier}/fab_3_pob_{skuLabel}.jpg,https://storage.googleapis.com/mockup_public_col/{dossier}/pochette-info.png,,,,
PotCéramque,parent,Poc,15.9,parent,,COR_{prefix}_{skuLabel}_{taille},pot-ceramique-bambou-{taille},COR_Poc_{Label},450,10,taille,"S,M,L",,,,,Pot en Céramique avec couvercle Bambou – {AmazonTitleFr},,,accessories,,,,/ceramicPot,,unisex,9.5,,10,https://storage.googleapis.com/mockup_public_col/{dossier}/fab_1_pcs_{skuLabel}.jpg,https://storage.googleapis.com/mockup_public_col/{dossier}/fab_2_pcs_{skuLabel}.jpg,https://storage.googleapis.com/mockup_public_col/{dossier}/fab_3_pcs_{skuLabel}.jpg,https://storage.googleapis.com/mockup_public_col/{dossier}/fab_4_pcs_{skuLabel}.jpg,https://storage.googleapis.com/mockup_public_col/{dossier}/potceramic-info.png,,,
PotCrayon,parent,Crp,14.9,parent,,COR_{prefix}_{skuLabel},pot-a-crayon-cermique,COR_Crp_{Label},350,8.2,,,,,mugsCeramique,,Pot à Crayon en Céramique – {AmazonTitleFr} - 325 ml,,,accessories,,,,/pencilPot,,unisex,9.5,,8.2,https://storage.googleapis.com/mockup_public_col/{dossier}/fab_1_pen_{skuLabel}.jpg,https://storage.googleapis.com/mockup_public_col/{dossier}/fab_2_pen_{skuLabel}.jpg,https://storage.googleapis.com/mockup_public_col/{dossier}/fab_3_pen_{skuLabel}.jpg,https://storage.googleapis.com/mockup_public_col/{dossier}/pencil-info.png,,,,
PuzzleCarton,parent,Pzc,,parent,,COR_{prefix}_{skuLabel}_{piece},Puzzle_carton_{piece},COR_Pzc_{Label},300,30,piece,"100,280,500,540,1000",,,,,Puzzle Classique {AmazonTitleFr},,,accessories,,,,/puzzleCarton,,unisex,0.3,,40,https://storage.googleapis.com/mockup_public_col/{dossier}/fab_5_pz2_{skuLabel}.jpg,https://storage.googleapis.com/mockup_public_col/{dossier}/fab_1_pz2_{skuLabel}.jpg,https://storage.googleapis.com/mockup_public_col/{dossier}/fab_2_pz2_{skuLabel}.jpg,https://storage.googleapis.com/mockup_public_col/{dossier}/fab_3_pz2_{skuLabel}.jpg,https://storage.googleapis.com/mockup_public_col/{dossier}/fab_4_pz2_{skuLabel}.jpg,https://storage.googleapis.com/mockup_public_col/{dossier}/fab_6_pz2_{skuLabel}.jpg,,
PuzzleBois,parent,Pzb,,parent,,COR_{prefix}_{skuLabel}_{piece},Puzzle_bois_{piece},COR_Pzb_{Label},200,20,piece,"48,96",,,,,Puzzle en bois 48 ou 96 pièces {AmazonTitleFr},,,accessories,,,,/puzzleBois,,unisex,0.6,,28,https://storage.googleapis.com/mockup_public_col/{dossier}/fab_5_puz_{skuLabel}.jpg,https://storage.googleapis.com/mockup_public_col/{dossier}/fab_1_puz_{skuLabel}.jpg,https://storage.googleapis.com/mockup_public_col/{dossier}/fab_2_puz_{skuLabel}.jpg,https://storage.googleapis.com/mockup_public_col/{dossier}/fab_3_puz_{skuLabel}.jpg,https://storage.googleapis.com/mockup_public_col/{dossier}/fab_4_puz_{skuLabel}.jpg,,,
RéveilCube,parent,Rev,17.90,parent,,COR_{prefix}_{skuLabel}_{color},reveil-cube,COR_Rev_{Label},150,7.8,color,"white,blue,black,grey,red,pink",,,HousseCoussin,,"Réveil Cube Lumineux {AmazonTitleFr} - 7,8 x 7,8 x 7,8 cm - Retro Éclairage multicolore Led",,,accessories,,,,/clock_cube,,unisex,7.8,,7.8,https://storage.googleapis.com/mockup_public_col/{dossier}/fab_1_clc-{color_FR}_{skuLabel}.jpg,https://storage.googleapis.com/mockup_public_col/{dossier}/fab_2_clc-{color_FR}_{skuLabel}.jpg,https://storage.googleapis.com/mockup_public_col/{dossier}/fab_3_clc-{color_FR}_{skuLabel}.jpg,https://storage.googleapis.com/mockup_public_col/{dossier}/clockcube-info.png,,,,
Paillasson,parent,Pai60,34.90,parent,,COR_{prefix}_{skuLabel},paillasson-{taille},COR_Pai60_{Label},470,40,taille,"60x40,75x50",,,,,Paillasson {AmazonTitleFr},,,accessories,,,,/doormat,,unisex,1.5,,60,https://storage.googleapis.com/mockup_public_col/{dossier}/fab_1_fm_{skuLabel}.jpg,https://storage.googleapis.com/mockup_public_col/{dossier}/fab_2_fm_{skuLabel}.jpg,https://storage.googleapis.com/mockup_public_col/{dossier}/fab_3_fm_{skuLabel}.jpg,https://storage.googleapis.com/mockup_public_col/{dossier}/fab_4_fm_{skuLabel}.jpg,https://storage.googleapis.com/mockup_public_col/{dossier}/fm-info2.png,https://storage.googleapis.com/mockup_public_col/{dossier}/fm-info.png,,
TapisSalledeBain,parent,Tsdb,17.90,parent,,COR_{prefix}_{skuLabel}_{color},tapis-sdb-40x60,COR_Tsdb_{Label},160,40,color,"white,blue,black,grey,red,pink",,,,,Tapis de Salle de Bain {AmazonTitleFr},,,accessories,,,,/bathmat,,unisex,1,,60,https://storage.googleapis.com/mockup_public_col/{dossier}/fab_1_bm-{color_FR}_{skuLabel}.jpg,https://storage.googleapis.com/mockup_public_col/{dossier}/fab_2_bm-{color_FR}_{skuLabel}.jpg,https://storage.googleapis.com/mockup_public_col/{dossier}/fab_3_bm-{color_FR}_{skuLabel}.jpg,https://storage.googleapis.com/mockup_public_col/{dossier}/bathmat-info.png,,,,
SetdeTableClassique,parent,Stb,9.9,parent,,COR_{prefix}_{skuLabel}_{quantite},Set-table-dessous-liege,COR_Stb_{Label},150,39.5,quantite,"1,4",,,,,"Set de Table Dessous en liège {AmazonTitleFr} - Grand Format 39,5 x 28,5 cm",,,accessories,,,,/placemats,,unisex,2,,28.5,https://storage.googleapis.com/mockup_public_col/{dossier}/fab_1_pl-blanc_{skuLabel}.jpg,https://storage.googleapis.com/mockup_public_col/{dossier}/fab_2_pl-blanc_{skuLabel}.jpg,https://storage.googleapis.com/mockup_public_col/{dossier}/fab_3_pl-blanc_{skuLabel}.jpg,https://storage.googleapis.com/mockup_public_col/{dossier}/fab_4_pl-blanc_{skuLabel}.jpg,https://storage.googleapis.com/mockup_public_col/{dossier}/fab_1_pls-blanc_{skuLabel}.jpg,https://storage.googleapis.com/mockup_public_col/{dossier}/fab_2_pls-blanc_{skuLabel}.jpg,,
HoodiesEnfant,parent,HoE,34.90,parent,,COR_{prefix}_{skuLabel}_{color}_{taille},Hoodies-Enfant-{taille}-{color},COR_HoE_{Label},300,,color,"black,blue,pink,white",taille,"6a,8a,10a,12a",tshirt,,Hoodie Sweat à Capuche Enfant {AmazonTitleFr} - Premium,,,kid,,,,/hoodiesEnfant,,unisex,,,,https://storage.googleapis.com/mockup_public_col/{dossier}/fab_1_kdh-{color_FR}_{skuLabel}.jpg,https://storage.googleapis.com/mockup_public_col/{dossier}/fab_2_kdh-{color_FR}_{skuLabel}.jpg,https://storage.googleapis.com/mockup_public_col/{dossier}/fab_3_kdh-{color_FR}_{skuLabel}.jpg,,,,,
SweatshirtEnfant,parent,SwE,29.90,parent,,COR_{prefix}_{skuLabel}_{color}_{taille},Sweat-Shirt-Enfant-{taille}-{color},COR_SwE_{Label},300,,color,"black,blue,orange",taille,"4a,6a,8a,10a,12a",tshirt,,Sweatshirt Enfant {AmazonTitleFr},,,kid,,,,/sweatEnfantCouleur,,unisex,,,,https://storage.googleapis.com/mockup_public_col/{dossier}/fab_1_kss-{color_FR}_{skuLabel}.jpg,https://storage.googleapis.com/mockup_public_col/{dossier}/fab_2_kss-{color_FR}_{skuLabel}.jpg,https://storage.googleapis.com/mockup_public_col/{dossier}/fab_3_kss-{color_FR}_{skuLabel}.jpg,,,,,
SweatshirtFemme,parent,Swf,24.90,parent,,COR_{prefix}_{skuLabel}_{color}_{taille},Sweat-Shirt-Femme-{taille}-{color},COR_Swf_{Label},250,,color,"white,blue,black,grey,red",taille,"XS,S,M,L,XL",tshirt,,Sweatshirt Femme {AmazonTitleFr},,,adult,,,,/sweatFemme,,female,,,,https://storage.googleapis.com/mockup_public_col/{dossier}/fab_1_ssf-{color_FR}_{skuLabel}.jpg,https://storage.googleapis.com/mockup_public_col/{dossier}/fab_2_ssf-{color_FR}_{skuLabel}.jpg,https://storage.googleapis.com/mockup_public_col/{dossier}/fab_3_ssf-{color_FR}_{skuLabel}.jpg,,,,,
SweatshirtHomme,parent,SwH,24.90,parent,,COR_{prefix}_{skuLabel}_{color}_{taille},Sweat-Shirt-Homme-{taille}-{color},COR_SwH_{Label},300,,color,"black,blue,grey,red",taille,"S,M,L,XL",tshirt,,Sweatshirt Homme {AmazonTitleFr},,,adult,,,,/sweatHomme,,male,,,,https://storage.googleapis.com/mockup_public_col/{dossier}/fab_1_ssh-{color_FR}_{skuLabel}.jpg,https://storage.googleapis.com/mockup_public_col/{dossier}/fab_2_ssh-{color_FR}_{skuLabel}.jpg,https://storage.googleapis.com/mockup_public_col/{dossier}/fab_3_ssh-{color_FR}_{skuLabel}.jpg,,,,,
